{
  "count": 72,
  "metrics": {
    "TP": 0,
    "TN": 28,
    "FP": 1,
    "FN": 43,
    "Accuracy": 0.3888888888888889,
    "Precision": 0.0,
    "Recall": 0.0,
    "Specificity": 0.9655172413793104,
    "Balanced_Accuracy": 0.4827586206896552,
    "F1": 0,
    "FAR": 0.034482758620689655,
    "FRR": 1.0,
    "MCC": -0.1445127130568988
  },
  "variables": {
    "Color_match Contribution": {
      "IA": {
        "mean": 0.10946206896551723,
        "median": 0.0,
        "min": 0.0,
        "max": 0.3461,
        "std_dev": 0.138490518569505,
        "variance": 0.019179623733650415,
        "p25": 0.0,
        "p50": 0.0,
        "p75": 0.2658,
        "p95": 0.3285199999999999
      },
      "REAL": {
        "mean": 0.09293720930232559,
        "median": 0.0,
        "min": 0.0,
        "max": 0.3235,
        "std_dev": 0.12216362459262314,
        "variance": 0.014923951173607357,
        "p25": 0.0,
        "p50": 0.0,
        "p75": 0.22294999999999998,
        "p95": 0.30904
      }
    },
    "Lbp Weight": {
      "IA": {
        "mean": 0.15,
        "median": 0.15,
        "min": 0.15,
        "max": 0.15,
        "std_dev": 0.0,
        "variance": 0.0,
        "p25": 0.15,
        "p50": 0.15,
        "p75": 0.15,
        "p95": 0.15
      },
      "REAL": {
        "mean": 0.1500000000000001,
        "median": 0.15,
        "min": 0.15,
        "max": 0.15,
        "std_dev": 1.1102230246251565e-16,
        "variance": 1.232595164407831e-32,
        "p25": 0.15,
        "p50": 0.15,
        "p75": 0.15,
        "p95": 0.15
      }
    },
    "Average Probability": {
      "IA": {
        "mean": 0.27291379310344827,
        "median": 0.2736,
        "min": 0.0356,
        "max": 0.5263,
        "std_dev": 0.12695542449911423,
        "variance": 0.016117679809750294,
        "p25": 0.1839,
        "p50": 0.2736,
        "p75": 0.3756,
        "p95": 0.47322
      },
      "REAL": {
        "mean": 0.34634186046511634,
        "median": 0.3286,
        "min": 0.0444,
        "max": 0.7389,
        "std_dev": 0.15795109374468833,
        "variance": 0.024948548015143318,
        "p25": 0.2148,
        "p50": 0.3286,
        "p75": 0.4395,
        "p95": 0.64028
      }
    },
    "Symmetry": {
      "IA": {
        "mean": 0.4689413793103449,
        "median": 0.4114,
        "min": 0.061,
        "max": 1.0,
        "std_dev": 0.27620389085281805,
        "variance": 0.07628858932223541,
        "p25": 0.2792,
        "p50": 0.4114,
        "p75": 0.6426,
        "p95": 0.9541599999999997
      },
      "REAL": {
        "mean": 0.5602651162790697,
        "median": 0.5282,
        "min": 0.0451,
        "max": 1.0,
        "std_dev": 0.28470751526477545,
        "variance": 0.08105836924824233,
        "p25": 0.3254,
        "p50": 0.5282,
        "p75": 0.7475,
        "p95": 1.0
      }
    },
    "Psd": {
      "IA": {
        "mean": 0.30529655172413794,
        "median": 0.3018,
        "min": 0.2522,
        "max": 0.354,
        "std_dev": 0.024606495956998986,
        "variance": 0.0006054796432818074,
        "p25": 0.2895,
        "p50": 0.3018,
        "p75": 0.3242,
        "p95": 0.34393999999999997
      },
      "REAL": {
        "mean": 0.28422558139534876,
        "median": 0.2813,
        "min": 0.1976,
        "max": 0.3831,
        "std_dev": 0.044197790605746586,
        "variance": 0.001953444694429421,
        "p25": 0.2563,
        "p50": 0.2813,
        "p75": 0.3028,
        "p95": 0.37812999999999997
      }
    },
    "Skin_response Weight": {
      "IA": {
        "mean": 0.10000000000000005,
        "median": 0.1,
        "min": 0.1,
        "max": 0.1,
        "std_dev": 4.163336342344337e-17,
        "variance": 1.7333369499485123e-33,
        "p25": 0.1,
        "p50": 0.1,
        "p75": 0.1,
        "p95": 0.1
      },
      "REAL": {
        "mean": 0.10000000000000002,
        "median": 0.1,
        "min": 0.1,
        "max": 0.1,
        "std_dev": 1.3877787807814457e-17,
        "variance": 1.925929944387236e-34,
        "p25": 0.1,
        "p50": 0.1,
        "p75": 0.1,
        "p95": 0.1
      }
    },
    "Psd Weight": {
      "IA": {
        "mean": 0.050000000000000024,
        "median": 0.05,
        "min": 0.05,
        "max": 0.05,
        "std_dev": 2.0816681711721685e-17,
        "variance": 4.333342374871281e-34,
        "p25": 0.05,
        "p50": 0.05,
        "p75": 0.05,
        "p95": 0.05
      },
      "REAL": {
        "mean": 0.05000000000000001,
        "median": 0.05,
        "min": 0.05,
        "max": 0.05,
        "std_dev": 6.938893903907228e-18,
        "variance": 4.81482486096809e-35,
        "p25": 0.05,
        "p50": 0.05,
        "p75": 0.05,
        "p95": 0.05
      }
    },
    "Color_match Weight": {
      "IA": {
        "mean": 0.3499999999999998,
        "median": 0.35,
        "min": 0.35,
        "max": 0.35,
        "std_dev": 1.6653345369377348e-16,
        "variance": 2.7733391199176196e-32,
        "p25": 0.35,
        "p50": 0.35,
        "p75": 0.35,
        "p95": 0.35
      },
      "REAL": {
        "mean": 0.34999999999999976,
        "median": 0.35,
        "min": 0.35,
        "max": 0.35,
        "std_dev": 2.220446049250313e-16,
        "variance": 4.930380657631324e-32,
        "p25": 0.35,
        "p50": 0.35,
        "p75": 0.35,
        "p95": 0.35
      }
    },
    "Reflection": {
      "IA": {
        "mean": 0.22525172413793107,
        "median": 0.1796,
        "min": 0.0,
        "max": 0.8828,
        "std_dev": 0.21793483148154502,
        "variance": 0.04749559077288942,
        "p25": 0.0585,
        "p50": 0.1796,
        "p75": 0.3257,
        "p95": 0.61876
      },
      "REAL": {
        "mean": 0.2221232558139535,
        "median": 0.0949,
        "min": 0.0,
        "max": 1.0,
        "std_dev": 0.27641207091503656,
        "variance": 0.0764036329475392,
        "p25": 0.025349999999999998,
        "p50": 0.0949,
        "p75": 0.28095000000000003,
        "p95": 0.77559
      }
    },
    "Attack Probability": {
      "IA": {
        "mean": 0.7646103448275862,
        "median": 0.8128,
        "min": 0.3143,
        "max": 0.9654,
        "std_dev": 0.15083055197878817,
        "variance": 0.022749855410225922,
        "p25": 0.6831,
        "p50": 0.8128,
        "p75": 0.8525,
        "p95": 0.94702
      },
      "REAL": {
        "mean": 0.8194395348837208,
        "median": 0.8575,
        "min": 0.4276,
        "max": 0.9982,
        "std_dev": 0.14421794092104004,
        "variance": 0.020798814483504596,
        "p25": 0.76905,
        "p50": 0.8575,
        "p75": 0.92825,
        "p95": 0.9779
      }
    },
    "Final Score": {
      "IA": {
        "mean": 0.2353896551724138,
        "median": 0.1872,
        "min": 0.0346,
        "max": 0.6857,
        "std_dev": 0.15083055197878817,
        "variance": 0.02274985541022592,
        "p25": 0.1475,
        "p50": 0.1872,
        "p75": 0.3169,
        "p95": 0.5357
      },
      "REAL": {
        "mean": 0.18056046511627907,
        "median": 0.1425,
        "min": 0.0018,
        "max": 0.5724,
        "std_dev": 0.14421794092104004,
        "variance": 0.020798814483504596,
        "p25": 0.07175000000000001,
        "p50": 0.1425,
        "p75": 0.23095,
        "p95": 0.43837
      }
    },
    "Deepfake": {
      "IA": {
        "mean": 0.5656413793103449,
        "median": 0.5976,
        "min": 0.1772,
        "max": 0.9097,
        "std_dev": 0.1772152432091656,
        "variance": 0.03140524242568371,
        "p25": 0.3934,
        "p50": 0.5976,
        "p75": 0.6612,
        "p95": 0.8557599999999996
      },
      "REAL": {
        "mean": 0.4211093023255814,
        "median": 0.4841,
        "min": 0.0108,
        "max": 0.9538,
        "std_dev": 0.2047754525327154,
        "variance": 0.041932985959978374,
        "p25": 0.23015,
        "p50": 0.4841,
        "p75": 0.5463,
        "p95": 0.66591
      }
    },